,game_id,home_team,away_team,completion_pct_ewma_diff,passing_tds_ewma_diff,rushing_tds_ewma_diff,turnover_margin_ewma_diff,turnovers_offense_ewma_diff,rushing_yards_ewma_diff,sacks_suffered_ewma_diff,turnovers_defense_ewma_diff,passing_yards_ewma_diff,def_tackles_for_loss_ewma_diff,win_prob
3,2025_20_HOU_NE,NE,HOU,0.07443271421455622,0.41554526493081556,0.7237324588974079,-0.13179031889117182,-0.4493657555245465,30.6893391252475,1.3921494701480341,-0.5811560744157184,30.7972262009674,-0.30042427709849573,0.8728455727811736
1,2025_20_SF_SEA,SEA,SF,0.03145504289030998,-1.5844535301989993,0.6481003892899839,0.770354269356032,-0.3266096746830234,57.084367727190354,0.9269027736597295,0.44374459467300864,-41.44175268940873,-1.0887708256370692,0.5877998255775717
2,2025_20_LA_CHI,CHI,LA,-0.04635024565656887,-1.0511188381007877,0.07310902821912568,-0.4435003196034254,0.1657774525107404,-27.245658014913687,-0.3386705403012711,-0.2777228670926848,-8.851989336493943,-1.2723005204660227,0.14807424886787762
0,2025_20_BUF_DEN,DEN,BUF,-0.10052510799133563,-0.8530712119489333,-1.1161721853181952,-0.8491684455645184,0.40648299634360313,-22.197828431560055,0.6387740952625149,-0.44268544922091513,-39.411207307253505,0.5644678862864381,0.04024965148156656
