,game_id,home_team,away_team,passing_yards_ewma_diff,passing_tds_ewma_diff,rushing_yards_ewma_diff,sacks_suffered_ewma_diff,rushing_tds_ewma_diff,completion_pct_ewma_diff,turnovers_offense_ewma_diff,turnovers_defense_ewma_diff,turnover_margin_ewma_diff,def_tackles_for_loss_ewma_diff,win_prob
0,2025_19_GB_CHI,CHI,GB,80.99583396904961,1.1613919317131263,-14.958147135818962,-1.9183831540039682,0.08746200170495999,-0.05184145584287947,-0.34680847113912305,0.931869945561088,1.278678416700211,-0.08370846806179832,1.0
3,2025_19_LAC_NE,NE,LAC,65.01267474711187,1.3226293306851327,69.66377744638935,-2.404462555070465,1.7889627073675265,0.18040008544856534,-0.859251604737229,-0.21227354663813114,0.6469780580990977,0.8531063916920827,1.0
4,2025_19_HOU_PIT,PIT,HOU,23.676786659085536,-0.5730207339380735,7.165187179682206,1.5614120138571776,0.9132631262887935,0.06004692597136119,-0.2561854566825984,-0.0016757897428991697,0.25450966693969923,-1.2888878128103425,0.9999999998748921
1,2025_19_BUF_JAX,JAX,BUF,38.72860579953377,0.20485537792655384,-84.92917349382881,0.20539360266813445,-0.33257707335843834,-0.032070690239640376,0.2656457728917504,1.2627854100660225,0.9971396371742721,0.12967122148392995,5.091724153044675e-07
2,2025_19_SF_PHI,PHI,SF,-19.90509434887869,-0.5941038285062143,-3.8155029170159196,0.0695346866159614,-0.12712877830307856,-0.13534918438216892,-0.3071682124578816,0.5693493047001088,0.8765175171579903,0.35518098796707864,2.5503068687183843e-08
5,2025_19_LA_CAR,CAR,LA,-109.66241253779705,-1.6155012413259777,-66.632573069158,-0.24472952579031038,-0.2951398209552385,0.03532620041935941,0.5588215507582976,0.3984760558977025,-0.1603454948605952,0.060461395345408064,4.636856931096537e-55
