,game_id,home_team,away_team,completion_pct_ewma_diff,passing_tds_ewma_diff,rushing_tds_ewma_diff,turnover_margin_ewma_diff,turnovers_offense_ewma_diff,rushing_yards_ewma_diff,sacks_suffered_ewma_diff,turnovers_defense_ewma_diff,passing_yards_ewma_diff,def_tackles_for_loss_ewma_diff,win_prob
3,2025_20_HOU_NE,NE,HOU,0.1837767459131492,0.6925754415513601,1.87288743149568,-0.2196505314852864,-0.08227625920757758,63.148898542079195,0.9869157835800573,-0.301926790692864,39.328710334945725,0.8326262048358402,0.9893974395813909
1,2025_20_SF_SEA,SEA,SF,-0.016242762072046113,-1.1434338449227777,0.24432772916838386,0.67173660606464,0.07125716149207029,40.74316860807579,0.5819106970566654,0.7429937675567104,-12.006369599704271,0.13296281865420756,0.49849820674911516
2,2025_20_LA_CHI,CHI,LA,-0.02963136180856729,-1.085198063501312,0.12184838036520962,0.5941661339942912,-0.3903709124820992,-30.07609669152278,-0.5644509005021182,0.20379522151219187,-52.75331556082321,-1.4538342007767038,0.23698306167465671
0,2025_20_BUF_DEN,DEN,BUF,-0.0621849762159109,-1.2956697012404224,-0.9739863495147518,-0.0867654293651455,0.22303403033886715,-60.4251728366207,0.23395610778664944,0.13626860097372162,-22.767309203793502,-0.04828713127772133,0.04808555648818224
